BEGIN
Insert into TQC_SYSTEM_REPORTS
   (RPT_CODE, RPT_SYS_CODE, RPT_NAME, RPT_DESCRIPTION, RPT_DATA_FILE, 
    RPT_APPLCTN_LEVEL, RPT_ACTIVE)
 Values
   (24, 27, 'DEPENDENT_TYPES', NULL, 'Depentyp.xml', 
    NULL, 'A');
Insert into TQC_SYSTEM_REPORTS
   (RPT_CODE, RPT_SYS_CODE, RPT_NAME, RPT_DESCRIPTION, RPT_DATA_FILE, 
    RPT_APPLCTN_LEVEL, RPT_ACTIVE)
 Values
   (25, 27, 'PREMIUM_MASKS', NULL, 'Lifprmsk.xml', 
    NULL, 'A');
Insert into TQC_SYSTEM_REPORTS
   (RPT_CODE, RPT_SYS_CODE, RPT_NAME, RPT_DESCRIPTION, RPT_DATA_FILE, 
    RPT_APPLCTN_LEVEL, RPT_ACTIVE)
 Values
   (28, 27, 'PRODUCT_COVER_TYPES_DEPENDANT', NULL, 'Prdcovdp.xml', 
    NULL, 'A');
Insert into TQC_SYSTEM_REPORTS
   (RPT_CODE, RPT_SYS_CODE, RPT_NAME, RPT_DESCRIPTION, RPT_DATA_FILE, 
    RPT_APPLCTN_LEVEL, RPT_ACTIVE)
 Values
   (30, 27, 'PRODUCT_COVER_TYPES', NULL, 'Prdcvtyp.xml', 
    NULL, 'A');
Insert into TQC_SYSTEM_REPORTS
   (RPT_CODE, RPT_SYS_CODE, RPT_NAME, RPT_DESCRIPTION, RPT_DATA_FILE, 
    RPT_APPLCTN_LEVEL, RPT_ACTIVE)
 Values
   (33, 27, 'AGENCIES', NULL, 'Agencies.xml', 
    NULL, 'A');
Insert into TQC_SYSTEM_REPORTS
   (RPT_CODE, RPT_SYS_CODE, RPT_NAME, RPT_DESCRIPTION, RPT_DATA_FILE, 
    RPT_APPLCTN_LEVEL, RPT_ACTIVE)
 Values
   (34, 27, 'CAUSATIONS', NULL, 'Causatn.xml', 
    NULL, 'A');
Insert into TQC_SYSTEM_REPORTS
   (RPT_CODE, RPT_SYS_CODE, RPT_NAME, RPT_DESCRIPTION, RPT_DATA_FILE, 
    RPT_APPLCTN_LEVEL, RPT_ACTIVE)
 Values
   (35, 27, 'CLASSES_OF_LIFE_AND_PRODUCTS', NULL, 'Clasocup.xml', 
    NULL, 'A');
Insert into TQC_SYSTEM_REPORTS
   (RPT_CODE, RPT_SYS_CODE, RPT_NAME, RPT_DESCRIPTION, RPT_DATA_FILE, 
    RPT_APPLCTN_LEVEL, RPT_ACTIVE)
 Values
   (36, 27, 'COMMISSION_RATES', NULL, 'Comrates.xml', 
    NULL, 'A');
Insert into TQC_SYSTEM_REPORTS
   (RPT_CODE, RPT_SYS_CODE, RPT_NAME, RPT_DESCRIPTION, RPT_DATA_FILE, 
    RPT_APPLCTN_LEVEL, RPT_ACTIVE)
 Values
   (37, 27, 'INTEREST_RATES', NULL, 'Intrstrat.xml', 
    NULL, 'A');
Insert into TQC_SYSTEM_REPORTS
   (RPT_CODE, RPT_SYS_CODE, RPT_NAME, RPT_DESCRIPTION, RPT_DATA_FILE, 
    RPT_APPLCTN_LEVEL, RPT_ACTIVE)
 Values
   (38, 27, 'MEDICAL_REQUIREMENTS', NULL, 'Medireqs.xml', 
    NULL, 'A');
Insert into TQC_SYSTEM_REPORTS
   (RPT_CODE, RPT_SYS_CODE, RPT_NAME, RPT_DESCRIPTION, RPT_DATA_FILE, 
    RPT_APPLCTN_LEVEL, RPT_ACTIVE)
 Values
   (39, 27, 'RI_RATES_TABLE', NULL, 'Rirates.xml', 
    NULL, 'A');
Insert into TQC_SYSTEM_REPORTS
   (RPT_CODE, RPT_SYS_CODE, RPT_NAME, RPT_DESCRIPTION, RPT_DATA_FILE, 
    RPT_APPLCTN_LEVEL, RPT_ACTIVE)
 Values
   (40, 27, 'TAX_RATES_BY_PRODUCT_TAX_TYPE', NULL, 'Taxrttyp.xml', 
    NULL, 'A');
Insert into TQC_SYSTEM_REPORTS
   (RPT_CODE, RPT_SYS_CODE, RPT_NAME, RPT_DESCRIPTION, RPT_DATA_FILE, 
    RPT_APPLCTN_LEVEL, RPT_ACTIVE)
 Values
   (41, 27, 'TAX_TYPES', NULL, 'Taxtypes.xml', 
    NULL, 'A');
Insert into TQC_SYSTEM_REPORTS
   (RPT_CODE, RPT_SYS_CODE, RPT_NAME, RPT_DESCRIPTION, RPT_DATA_FILE, 
    RPT_APPLCTN_LEVEL, RPT_ACTIVE)
 Values
   (42, 27, 'TREATIES', NULL, 'Treaties.xml', 
    NULL, 'A');
Insert into TQC_SYSTEM_REPORTS
   (RPT_CODE, RPT_SYS_CODE, RPT_NAME, RPT_DESCRIPTION, RPT_DATA_FILE, 
    RPT_APPLCTN_LEVEL, RPT_ACTIVE)
 Values
   (72, 27, 'COVER_TYPES_LIST', NULL, 'Covertyp.xml', 
    NULL, 'A');
Insert into TQC_SYSTEM_REPORTS
   (RPT_CODE, RPT_SYS_CODE, RPT_NAME, RPT_DESCRIPTION, RPT_DATA_FILE, 
    RPT_APPLCTN_LEVEL, RPT_ACTIVE)
 Values
   (92, 27, 'GROUP_LIFE_PREMIUMJ_RATES', NULL, 'gppremrt.xml', 
    NULL, 'A');
Insert into TQC_SYSTEM_REPORTS
   (RPT_CODE, RPT_SYS_CODE, RPT_NAME, RPT_DESCRIPTION, RPT_DATA_FILE, 
    RPT_APPLCTN_LEVEL, RPT_ACTIVE)
 Values
   (295, 27, 'MEDICAL_TESTS_GROUPINGS', NULL, 'Medtesgr.xml', 
    NULL, 'A');
Insert into TQC_SYSTEM_REPORTS
   (RPT_CODE, RPT_SYS_CODE, RPT_NAME, RPT_DESCRIPTION, RPT_DATA_FILE, 
    RPT_APPLCTN_LEVEL, RPT_ACTIVE)
 Values
   (304, 27, 'MEDICAL_TESTS', NULL, 'Meditest.xml', 
    NULL, 'A');
Insert into TQC_SYS_RPT_TEMPLATES
   (RPT_TMPL_CODE, RPT_TMPL_RPT_CODE, RPT_TMPL_FILE, RPT_TMPL_NAME, RPT_TMPL_DESCRIPTION, 
    RPT_TMPL_STYLE_FILE, RPT_TMPL_ORG_CODE, RPT_TMPL_ACTIVE)
 Values
   (25, 25, 'Lifprmsk_temp.rtf', 'LIFPRMSK1', NULL, 
    'Lifprmsk_temp.xsl', NULL, 'A');
Insert into TQC_SYS_RPT_TEMPLATES
   (RPT_TMPL_CODE, RPT_TMPL_RPT_CODE, RPT_TMPL_FILE, RPT_TMPL_NAME, RPT_TMPL_DESCRIPTION, 
    RPT_TMPL_STYLE_FILE, RPT_TMPL_ORG_CODE, RPT_TMPL_ACTIVE)
 Values
   (35, 35, 'Clasocup_temp.rtf', 'CLASSES_OF_LIFE_AND_PRODUCTS1', NULL, 
    'Clasocup_temp.xsl', NULL, 'A');
Insert into TQC_SYS_RPT_TEMPLATES
   (RPT_TMPL_CODE, RPT_TMPL_RPT_CODE, RPT_TMPL_FILE, RPT_TMPL_NAME, RPT_TMPL_DESCRIPTION, 
    RPT_TMPL_STYLE_FILE, RPT_TMPL_ORG_CODE, RPT_TMPL_ACTIVE)
 Values
   (36, 36, 'Comrates_temp.rtf', 'COMMISSION_RATES1', NULL, 
    'Comrates_temp.xsl', NULL, 'A');
Insert into TQC_SYS_RPT_TEMPLATES
   (RPT_TMPL_CODE, RPT_TMPL_RPT_CODE, RPT_TMPL_FILE, RPT_TMPL_NAME, RPT_TMPL_DESCRIPTION, 
    RPT_TMPL_STYLE_FILE, RPT_TMPL_ORG_CODE, RPT_TMPL_ACTIVE)
 Values
   (38, 38, 'Medireqs_temp.rtf', 'MEDICAL_REQUIREMENTS1', NULL, 
    'Medireqs_temp.xsl', NULL, 'A');
Insert into TQC_SYS_RPT_TEMPLATES
   (RPT_TMPL_CODE, RPT_TMPL_RPT_CODE, RPT_TMPL_FILE, RPT_TMPL_NAME, RPT_TMPL_DESCRIPTION, 
    RPT_TMPL_STYLE_FILE, RPT_TMPL_ORG_CODE, RPT_TMPL_ACTIVE)
 Values
   (39, 39, 'Rirates_temp.rtf', 'RI_RATES_TABLE1', NULL, 
    'Rirates_temp.xsl', NULL, 'A');
Insert into TQC_SYS_RPT_TEMPLATES
   (RPT_TMPL_CODE, RPT_TMPL_RPT_CODE, RPT_TMPL_FILE, RPT_TMPL_NAME, RPT_TMPL_DESCRIPTION, 
    RPT_TMPL_STYLE_FILE, RPT_TMPL_ORG_CODE, RPT_TMPL_ACTIVE)
 Values
   (41, 41, 'Taxtypes_temp.rtf', 'TAX_TYPES1', NULL, 
    'Taxtypes_temp.xsl', NULL, 'A');
Insert into TQC_SYS_RPT_TEMPLATES
   (RPT_TMPL_CODE, RPT_TMPL_RPT_CODE, RPT_TMPL_FILE, RPT_TMPL_NAME, RPT_TMPL_DESCRIPTION, 
    RPT_TMPL_STYLE_FILE, RPT_TMPL_ORG_CODE, RPT_TMPL_ACTIVE)
 Values
   (42, 42, 'Treaties_temp.rtf', 'TREATIES1', NULL, 
    'Treaties_temp.xsl', NULL, 'A');
Insert into TQC_SYS_RPT_TEMPLATES
   (RPT_TMPL_CODE, RPT_TMPL_RPT_CODE, RPT_TMPL_FILE, RPT_TMPL_NAME, RPT_TMPL_DESCRIPTION, 
    RPT_TMPL_STYLE_FILE, RPT_TMPL_ORG_CODE, RPT_TMPL_ACTIVE)
 Values
   (28, 28, 'Prdcovdp_temp.rtf', 'PRDCOVDP1', NULL, 
    'Prdcovdp_temp.xsl', NULL, 'A');
Insert into TQC_SYS_RPT_TEMPLATES
   (RPT_TMPL_CODE, RPT_TMPL_RPT_CODE, RPT_TMPL_FILE, RPT_TMPL_NAME, RPT_TMPL_DESCRIPTION, 
    RPT_TMPL_STYLE_FILE, RPT_TMPL_ORG_CODE, RPT_TMPL_ACTIVE)
 Values
   (30, 30, 'Prdcvtyp_temp.rtf', 'PRDCVTYP1', NULL, 
    'Prdcvtyp_temp.xsl', NULL, 'A');
Insert into TQC_SYS_RPT_TEMPLATES
   (RPT_TMPL_CODE, RPT_TMPL_RPT_CODE, RPT_TMPL_FILE, RPT_TMPL_NAME, RPT_TMPL_DESCRIPTION, 
    RPT_TMPL_STYLE_FILE, RPT_TMPL_ORG_CODE, RPT_TMPL_ACTIVE)
 Values
   (33, 33, 'Agencies_temp.rtf', 'AGENCIES1', NULL, 
    'Agencies_temp.xsl', NULL, 'A');
Insert into TQC_SYS_RPT_TEMPLATES
   (RPT_TMPL_CODE, RPT_TMPL_RPT_CODE, RPT_TMPL_FILE, RPT_TMPL_NAME, RPT_TMPL_DESCRIPTION, 
    RPT_TMPL_STYLE_FILE, RPT_TMPL_ORG_CODE, RPT_TMPL_ACTIVE)
 Values
   (34, 34, 'Causatn_temp.rtf', 'CAUSATIONS1', NULL, 
    'Causatn_temp.xsl', NULL, 'A');
Insert into TQC_SYS_RPT_TEMPLATES
   (RPT_TMPL_CODE, RPT_TMPL_RPT_CODE, RPT_TMPL_FILE, RPT_TMPL_NAME, RPT_TMPL_DESCRIPTION, 
    RPT_TMPL_STYLE_FILE, RPT_TMPL_ORG_CODE, RPT_TMPL_ACTIVE)
 Values
   (37, 37, 'Intrstrat_temp.rtf', 'INTEREST_RATES1', NULL, 
    'Intrstrat_temp.xsl', NULL, 'A');
Insert into TQC_SYS_RPT_TEMPLATES
   (RPT_TMPL_CODE, RPT_TMPL_RPT_CODE, RPT_TMPL_FILE, RPT_TMPL_NAME, RPT_TMPL_DESCRIPTION, 
    RPT_TMPL_STYLE_FILE, RPT_TMPL_ORG_CODE, RPT_TMPL_ACTIVE)
 Values
   (40, 40, 'Taxrttyp_temp.rtf', 'TAX_RATES_BY_PRODUCT_TAX_TYPE1', NULL, 
    'Taxrttyp_temp.xsl', NULL, 'A');
Insert into TQC_SYS_RPT_TEMPLATES
   (RPT_TMPL_CODE, RPT_TMPL_RPT_CODE, RPT_TMPL_FILE, RPT_TMPL_NAME, RPT_TMPL_DESCRIPTION, 
    RPT_TMPL_STYLE_FILE, RPT_TMPL_ORG_CODE, RPT_TMPL_ACTIVE)
 Values
   (70, 72, 'Covertyp_temp.rtf', 'COVERTYP1', NULL, 
    'Covertyp_temp.xsl', NULL, 'A');
Insert into TQC_SYS_RPT_TEMPLATES
   (RPT_TMPL_CODE, RPT_TMPL_RPT_CODE, RPT_TMPL_FILE, RPT_TMPL_NAME, RPT_TMPL_DESCRIPTION, 
    RPT_TMPL_STYLE_FILE, RPT_TMPL_ORG_CODE, RPT_TMPL_ACTIVE)
 Values
   (24, 24, 'Depentyp_temp.rtf', 'DEPENTYP1', NULL, 
    'Depentyp_temp.xsl', NULL, 'A');
Insert into TQC_SYS_RPT_TEMPLATES
   (RPT_TMPL_CODE, RPT_TMPL_RPT_CODE, RPT_TMPL_FILE, RPT_TMPL_NAME, RPT_TMPL_DESCRIPTION, 
    RPT_TMPL_STYLE_FILE, RPT_TMPL_ORG_CODE, RPT_TMPL_ACTIVE)
 Values
   (89, 92, 'gppremrt_temp.rtf', 'GPPREMRT', NULL, 
    'gppremrt_temp.xsl', NULL, 'A');
Insert into TQC_SYS_RPT_TEMPLATES
   (RPT_TMPL_CODE, RPT_TMPL_RPT_CODE, RPT_TMPL_FILE, RPT_TMPL_NAME, RPT_TMPL_DESCRIPTION, 
    RPT_TMPL_STYLE_FILE, RPT_TMPL_ORG_CODE, RPT_TMPL_ACTIVE)
 Values
   (290, 295, 'Medtesgr_temp.rtf', 'MEDICAL_TESTS_GROUPINGS', NULL, 
    'Medtesgr_temp.xsl', NULL, 'A');
Insert into TQC_SYS_RPT_TEMPLATES
   (RPT_TMPL_CODE, RPT_TMPL_RPT_CODE, RPT_TMPL_FILE, RPT_TMPL_NAME, RPT_TMPL_DESCRIPTION, 
    RPT_TMPL_STYLE_FILE, RPT_TMPL_ORG_CODE, RPT_TMPL_ACTIVE)
 Values
   (299, 304, 'Meditest_temp.rtf', 'MEDICAL_TESTS', NULL, 
    'Meditest_temp.xsl', NULL, 'A');
Insert into TQC_SYS_RPT_PARAMETERS
   (RPTP_CODE, RPTP_RPT_CODE, RPTP_PARAM_NAME, RPTP_PARAM_DESC, RPTP_PARAM_PROMPT, 
    RPTP_PARAM_TYPE, RPTP_PARENT_CODE, RPTP_QUERY, RPTP_PARAM_CLAUSE, RPTP_USER_REQUIRED, 
    RPTP_CHILD_CODE, RPTP_PARAM_ACTIVE)
 Values
   (137, 40, 'V_TT_CODE', 'TAX TYPE CODE', 'TAX TYPE', 
    'LOV', NULL, 'select tt_code,tt_desc from lms_tax_types', NULL, NULL, 
    NULL, 'A');
Insert into TQC_SYS_RPT_PARAMETERS
   (RPTP_CODE, RPTP_RPT_CODE, RPTP_PARAM_NAME, RPTP_PARAM_DESC, RPTP_PARAM_PROMPT, 
    RPTP_PARAM_TYPE, RPTP_PARENT_CODE, RPTP_QUERY, RPTP_PARAM_CLAUSE, RPTP_USER_REQUIRED, 
    RPTP_CHILD_CODE, RPTP_PARAM_ACTIVE)
 Values
   (138, 40, 'V_PROD_CODE', 'PRODUCT CODE', 'Product', 
    'LOV', NULL, 'select prod_code,prod_desc from lms_products,lms_classes
where prod_cla_code = cla_code
and cla_type = ''O''', NULL, NULL, 
    NULL, 'A');
Insert into TQC_SYS_RPT_PARAMETERS
   (RPTP_CODE, RPTP_RPT_CODE, RPTP_PARAM_NAME, RPTP_PARAM_DESC, RPTP_PARAM_PROMPT, 
    RPTP_PARAM_TYPE, RPTP_PARENT_CODE, RPTP_QUERY, RPTP_PARAM_CLAUSE, RPTP_USER_REQUIRED, 
    RPTP_CHILD_CODE, RPTP_PARAM_ACTIVE)
 Values
   (139, 39, 'V_RATE_CODE', 'REINSURANCE RATE CODE', 'Rates', 
    'LOV', NULL, 'SELECT LMS_ORD_REIN_RATE_DESC.ORRP_CODE,LMS_ORD_REIN_RATE_DESC.ORRP_DESC
FROM LMS_ORD_REIN_RATE_DESC', NULL, NULL, 
    NULL, 'A');
Insert into TQC_SYS_RPT_PARAMETERS
   (RPTP_CODE, RPTP_RPT_CODE, RPTP_PARAM_NAME, RPTP_PARAM_DESC, RPTP_PARAM_PROMPT, 
    RPTP_PARAM_TYPE, RPTP_PARENT_CODE, RPTP_QUERY, RPTP_PARAM_CLAUSE, RPTP_USER_REQUIRED, 
    RPTP_CHILD_CODE, RPTP_PARAM_ACTIVE)
 Values
   (141, 33, 'V_AGNT_TYPE', 'ACCOUNT TYPE CODE', 'Account type', 
    'LOV', NULL, 'select  ACT_CODE,ACT_ACCOUNT_TYPE ||''(''||ACT_TYPE_SHT_DESC  ||'') List Report'' 
from TQC_ACCOUNT_TYPES order by 2', NULL, NULL, 
    NULL, 'A');
Insert into TQC_SYS_RPT_PARAMETERS
   (RPTP_CODE, RPTP_RPT_CODE, RPTP_PARAM_NAME, RPTP_PARAM_DESC, RPTP_PARAM_PROMPT, 
    RPTP_PARAM_TYPE, RPTP_PARENT_CODE, RPTP_QUERY, RPTP_PARAM_CLAUSE, RPTP_USER_REQUIRED, 
    RPTP_CHILD_CODE, RPTP_PARAM_ACTIVE)
 Values
   (142, 295, 'V_MTGCODE', 'MEDICAL TESTS GROUPS CODE', 'Tests Groups', 
    'LOV', NULL, 'select MTG_DESC,MTG_CODE
from LMS_MED_TESTS_GROUPS
where MTG_CLA_CODE in (select cla_code from lms_classes where cla_type = ''O'')', NULL, NULL, 
    NULL, 'A');
Insert into TQC_SYS_RPT_PARAMETERS
   (RPTP_CODE, RPTP_RPT_CODE, RPTP_PARAM_NAME, RPTP_PARAM_DESC, RPTP_PARAM_PROMPT, 
    RPTP_PARAM_TYPE, RPTP_PARENT_CODE, RPTP_QUERY, RPTP_PARAM_CLAUSE, RPTP_USER_REQUIRED, 
    RPTP_CHILD_CODE, RPTP_PARAM_ACTIVE)
 Values
   (57, 28, 'V_PROD_CODE', 'PRODUCT CODE', 'Product', 
    'LOV', NULL, 'select distinct prod_code, prod_desc from lms_products, LMS_PROD_CVT_DEPENDANTS where PCD_PROD_CODE=PROD_CODE', NULL, NULL, 
    NULL, 'A');
Insert into TQC_SYS_RPT_PARAMETERS
   (RPTP_CODE, RPTP_RPT_CODE, RPTP_PARAM_NAME, RPTP_PARAM_DESC, RPTP_PARAM_PROMPT, 
    RPTP_PARAM_TYPE, RPTP_PARENT_CODE, RPTP_QUERY, RPTP_PARAM_CLAUSE, RPTP_USER_REQUIRED, 
    RPTP_CHILD_CODE, RPTP_PARAM_ACTIVE)
 Values
   (60, 25, 'V_CLA_CODE', 'CLASS TYPE', 'Class Type', 
    'LOV', NULL, 'select cla_code,cla_desc from lms_classes order by cla_desc', NULL, NULL, 
    NULL, 'A');
Insert into TQC_SYS_RPT_PARAMETERS
   (RPTP_CODE, RPTP_RPT_CODE, RPTP_PARAM_NAME, RPTP_PARAM_DESC, RPTP_PARAM_PROMPT, 
    RPTP_PARAM_TYPE, RPTP_PARENT_CODE, RPTP_QUERY, RPTP_PARAM_CLAUSE, RPTP_USER_REQUIRED, 
    RPTP_CHILD_CODE, RPTP_PARAM_ACTIVE)
 Values
   (140, 36, 'V_PROD_CODE', 'PRODUCT CODE', 'Product', 
    'LOV', NULL, 'Select PROD_CODE,PROD_DESC From LMS_Products,lms_classes
where prod_cla_code = cla_code
and cla_type = ''G''', NULL, NULL, 
    NULL, 'A');
COMMIT;
END;


